{
    "version": 1,
    "author": "Desy",
    "editor": "wokwi",
    "parts": [
      { "type": "wokwi-esp32-devkit-v1", "id": "esp", "top": 4.7, "left": 4.6, "attrs": {} },
      {
        "type": "wokwi-lcd1602",
        "id": "lcd1",
        "top": 35.2,
        "left": 255.2,
        "attrs": { "pins": "i2c" }
      },
      {
        "type": "wokwi-pushbutton",
        "id": "btn1",
        "top": 86.3,
        "left": -150.1,
        "rotate": 90,
        "attrs": { "color": "blue", "xray": "1" }
      },
      {
        "type": "wokwi-pushbutton",
        "id": "btn2",
        "top": 163.1,
        "left": 166.7,
        "rotate": 90,
        "attrs": { "color": "red", "xray": "1" }
      }
    ],
    "connections": [
      [ "esp:TX0", "$serialMonitor:RX", "", [] ],
      [ "esp:RX0", "$serialMonitor:TX", "", [] ],
      [ "lcd1:SCL", "esp:D22", "green", [ "h-124.8", "v-66.9" ] ],
      [ "lcd1:VCC", "esp:3V3", "red", [ "h-124.8", "v86.5" ] ],
      [ "lcd1:GND", "esp:GND.1", "black", [ "h-144", "v57.6" ] ],
      [ "lcd1:SDA", "esp:D21", "green", [ "h-134.4", "v-28.6" ] ],
      [ "btn2:2.r", "esp:GND.2", "green", [ "v9.8", "h-201.8", "v-76.8" ] ],
      [ "btn1:2.r", "esp:GND.2", "green", [ "v9.8", "h124.6" ] ],
      [ "btn1:1.r", "esp:D13", "blue", [ "v0" ] ],
      [ "btn2:1.r", "esp:D12", "red", [ "v19.4", "h-230.4", "v-105.6" ] ]
    ],
    "dependencies": {}
  }